class,file,peak,ptp,rms,dominant_frequency_hz
Good,pure_0.wav,0.32568359375,0.633575439453125,0.09360177443225104,618.3333333333333
Good,pure_1.wav,0.29376220703125,0.568878173828125,0.09678174239371005,616.3333333333333
Good,pure_2.wav,0.3079833984375,0.5889892578125,0.0951599805818108,617.0
Good,pure_3.wav,0.2818603515625,0.537261962890625,0.09167833697341578,618.0
Good,pure_4.wav,0.27777099609375,0.53857421875,0.09446864193737191,617.3333333333333
Good,pure_5.wav,0.30035400390625,0.54595947265625,0.09508038892048513,617.3333333333333
Good,pure_6.wav,0.273284912109375,0.52947998046875,0.09498967039295254,617.3333333333333
Good,pure_7.wav,0.2938232421875,0.561981201171875,0.09491096671629003,617.3333333333333
Good,pure_8.wav,0.27362060546875,0.51806640625,0.0936272913384658,617.3333333333333
Good,pure_9.wav,0.2738037109375,0.51715087890625,0.09420505499293935,617.3333333333333
Good,pure_10.wav,0.28607177734375,0.527191162109375,0.09618068175463493,617.0
Good,pure_11.wav,0.285919189453125,0.548675537109375,0.09710358685455596,616.6666666666666
Good,pure_12.wav,0.279449462890625,0.558349609375,0.09594044693766904,617.0
Good,pure_13.wav,0.299835205078125,0.565826416015625,0.09993455088678585,616.0
Good,pure_14.wav,0.2962646484375,0.56787109375,0.10290249160006316,615.6666666666666
Good,pure_15.wav,0.300933837890625,0.55902099609375,0.10731846871302939,614.3333333333333
Good,pure_16.wav,0.294464111328125,0.565673828125,0.10409969720236134,615.0
Good,pure_17.wav,0.283050537109375,0.554901123046875,0.09736205291264438,616.3333333333333
Good,pure_18.wav,0.292633056640625,0.551177978515625,0.09706990042630875,617.0
Good,pure_19.wav,0.292083740234375,0.550384521484375,0.0980926282988688,616.6666666666666
Good,pure_20.wav,0.287109375,0.546600341796875,0.09823920793919275,616.6666666666666
Good,pure_21.wav,0.305084228515625,0.5767822265625,0.09866659981879,616.3333333333333
Good,pure_22.wav,0.28936767578125,0.542510986328125,0.09810697373012503,616.3333333333333
Good,pure_23.wav,0.28839111328125,0.536865234375,0.09964531908307092,616.0
Good,pure_24.wav,0.288330078125,0.5506591796875,0.09913113783494187,616.0
Good,pure_25.wav,0.294708251953125,0.544097900390625,0.0957076438825271,617.0
Good,pure_26.wav,0.273590087890625,0.525146484375,0.09432554970968622,617.3333333333333
Good,pure_27.wav,0.284881591796875,0.54693603515625,0.0944449832444213,617.0
Good,pure_28.wav,0.28839111328125,0.555877685546875,0.09864461127346287,616.6666666666666
Good,pure_29.wav,0.2901611328125,0.550994873046875,0.10323917731217351,615.3333333333333
Good,pure_30.wav,0.289825439453125,0.564208984375,0.1023957946779506,615.3333333333333
Good,pure_31.wav,0.290435791015625,0.551971435546875,0.09789922210848329,616.3333333333333
Good,pure_32.wav,0.2855224609375,0.5345458984375,0.09595839099733108,616.6666666666666
Good,pure_33.wav,0.283905029296875,0.537811279296875,0.09387441886978407,617.3333333333333
Good,pure_34.wav,0.276458740234375,0.5479736328125,0.0923625631678442,617.6666666666666
Good,pure_35.wav,0.281494140625,0.542999267578125,0.09191247389360271,618.0
Good,pure_36.wav,0.301971435546875,0.56268310546875,0.09526027232392083,617.0
Good,pure_37.wav,0.2794189453125,0.541290283203125,0.09535832913492137,617.0
Good,pure_38.wav,0.282623291015625,0.523101806640625,0.09511504597352799,617.0
Good,pure_39.wav,0.287750244140625,0.539093017578125,0.09383156310563115,617.3333333333333
Good,pure_40.wav,0.28778076171875,0.542083740234375,0.09167576003721686,618.0
Good,pure_41.wav,0.264007568359375,0.5174560546875,0.0897983555807531,618.3333333333333
Good,pure_42.wav,0.285858154296875,0.540313720703125,0.08810263923825251,619.0
Good,pure_43.wav,0.286285400390625,0.528778076171875,0.08418992876348065,619.6666666666666
Good,pure_44.wav,0.266845703125,0.496337890625,0.08253360861584545,620.0
Good,pure_45.wav,0.256988525390625,0.51171875,0.08393651555569673,619.6666666666666
Good,pure_46.wav,0.27984619140625,0.5224609375,0.0854968088932606,619.0
Good,pure_47.wav,0.26568603515625,0.508544921875,0.08699293875903062,618.6666666666666
Good,pure_48.wav,0.276397705078125,0.539337158203125,0.08809713881796775,618.3333333333333
Good,pure_49.wav,0.264373779296875,0.504486083984375,0.08949784136963296,618.0
Good,pure_50.wav,0.27301025390625,0.519287109375,0.08900240456162901,618.0
Good,pure_51.wav,0.27703857421875,0.52691650390625,0.08979367502218526,618.0
Good,pure_52.wav,0.286346435546875,0.5333251953125,0.09021695514700462,617.6666666666666
Good,pure_53.wav,0.278900146484375,0.531036376953125,0.09032680995390742,617.6666666666666
Good,pure_54.wav,0.266387939453125,0.496429443359375,0.08982311354541551,617.6666666666666
Good,pure_55.wav,0.2750244140625,0.522552490234375,0.09186504794848468,617.3333333333333
Good,pure_56.wav,0.27850341796875,0.52252197265625,0.09577029790485225,616.3333333333333
Good,pure_57.wav,0.28271484375,0.54833984375,0.09654436342807324,616.0
Good,pure_58.wav,0.273834228515625,0.52166748046875,0.09414174447035438,616.6666666666666
Good,pure_59.wav,0.282135009765625,0.52716064453125,0.09347475149592016,616.6666666666666
Good,pure_60.wav,0.281585693359375,0.523040771484375,0.09013417115493048,617.6666666666666
Good,pure_61.wav,0.300140380859375,0.547119140625,0.08594637464949263,618.6666666666666
Good,pure_62.wav,0.27630615234375,0.514404296875,0.08071348679053113,620.3333333333333
Good,pure_63.wav,0.2603759765625,0.5010986328125,0.07768377722079245,621.0
Good,pure_64.wav,0.256744384765625,0.49517822265625,0.07564909633821117,622.0
Good,pure_65.wav,0.26556396484375,0.502105712890625,0.07395418415229968,622.3333333333333
Good,pure_66.wav,0.2340087890625,0.465728759765625,0.07190940919952628,623.0
Good,pure_67.wav,0.230804443359375,0.452789306640625,0.07091435032448316,623.3333333333333
Good,pure_68.wav,0.235137939453125,0.467193603515625,0.07061636674976869,623.3333333333333
Good,pure_69.wav,0.26202392578125,0.487060546875,0.07106484788251231,623.3333333333333
Good,pure_70.wav,0.258941650390625,0.497344970703125,0.0718750147856878,623.3333333333333
Good,pure_71.wav,0.28271484375,0.532928466796875,0.07236078510543431,623.3333333333333
Good,pure_72.wav,0.250396728515625,0.490142822265625,0.07380202954649175,623.3333333333333
Good,pure_73.wav,0.249267578125,0.4920654296875,0.07377284212325204,623.3333333333333
Good,pure_74.wav,0.266632080078125,0.51739501953125,0.07826975612130065,620.6666666666666
Good,pure_75.wav,0.2657470703125,0.493927001953125,0.07849672543379059,620.6666666666666
Good,pure_76.wav,0.25677490234375,0.490142822265625,0.076254804725431,621.6666666666666
Good,pure_77.wav,0.261138916015625,0.498291015625,0.07687012201937657,621.0
Good,pure_78.wav,0.277557373046875,0.50811767578125,0.08018858117422416,620.0
Good,pure_79.wav,0.29345703125,0.52099609375,0.08054954862250871,620.0
Good,pure_80.wav,0.273284912109375,0.511932373046875,0.08205024784519128,619.3333333333333
Good,pure_81.wav,0.2724609375,0.499542236328125,0.08402819642701025,618.6666666666666
Good,pure_82.wav,0.275482177734375,0.513427734375,0.08627545071117733,618.3333333333333
Good,pure_83.wav,0.2724609375,0.506561279296875,0.08671756721722342,618.3333333333333
Good,pure_84.wav,0.28558349609375,0.547271728515625,0.08745519046650194,618.3333333333333
Good,pure_85.wav,0.302825927734375,0.558197021484375,0.0882715083846935,618.3333333333333
Good,pure_86.wav,0.2894287109375,0.539459228515625,0.08631969305378183,618.6666666666666
Good,pure_87.wav,0.27044677734375,0.514434814453125,0.08199956117079886,620.0
Good,pure_88.wav,0.283233642578125,0.52227783203125,0.07728258638752496,621.0
Good,pure_89.wav,0.2545166015625,0.5013427734375,0.07429016276547257,622.0
Good,pure_90.wav,0.24127197265625,0.4794921875,0.07353877839374677,622.0
Good,pure_91.wav,0.244354248046875,0.4840087890625,0.07493035316278238,621.6666666666666
Good,pure_92.wav,0.2786865234375,0.501922607421875,0.07413809486218101,622.0
Good,pure_93.wav,0.255279541015625,0.4874267578125,0.07338810014768955,622.3333333333333
Good,pure_94.wav,0.2506103515625,0.478302001953125,0.07367092605828252,622.0
Good,pure_95.wav,0.239013671875,0.469451904296875,0.0727220420610085,622.0
Good,pure_96.wav,0.23663330078125,0.449249267578125,0.07206488007898834,622.3333333333333
Good,pure_97.wav,0.23858642578125,0.4715576171875,0.07197363802171483,622.3333333333333
Good,pure_98.wav,0.23724365234375,0.46697998046875,0.07222469128627956,622.3333333333333
Good,pure_99.wav,0.263275146484375,0.4921875,0.07265622911257505,622.3333333333333
Good,pure_100.wav,0.27337646484375,0.5037841796875,0.07816724942371156,620.3333333333333
Good,pure_101.wav,0.2469482421875,0.47052001953125,0.07609584138647095,620.6666666666666
Good,pure_102.wav,0.253082275390625,0.4801025390625,0.07243527694477585,622.6666666666666
Good,pure_103.wav,0.26885986328125,0.502532958984375,0.07360235285411408,622.0
Good,pure_104.wav,0.323272705078125,0.644622802734375,0.07944931873138888,622.0
Broken,pure_0.wav,0.286163330078125,0.549774169921875,0.059001529577236166,950.6666666666666
Broken,pure_1.wav,0.28753662109375,0.564727783203125,0.05807440483732381,951.0
Broken,pure_2.wav,0.26544189453125,0.515411376953125,0.057799439956052696,951.0
Broken,pure_3.wav,0.256683349609375,0.489227294921875,0.057627854361803926,951.0
Broken,pure_4.wav,0.249755859375,0.487396240234375,0.057644965840035846,951.0
Broken,pure_5.wav,0.245941162109375,0.4764404296875,0.05759508286921926,950.6666666666666
Broken,pure_6.wav,0.233551025390625,0.463653564453125,0.057903574764030054,950.6666666666666
Broken,pure_7.wav,0.265167236328125,0.52166748046875,0.0576782994975876,950.6666666666666
Broken,pure_8.wav,0.2646484375,0.52117919921875,0.058172019395792335,950.3333333333333
Broken,pure_9.wav,0.2913818359375,0.52984619140625,0.05778401886597184,950.3333333333333
Broken,pure_10.wav,0.257171630859375,0.507781982421875,0.05802959379110557,950.3333333333333
Broken,pure_11.wav,0.28057861328125,0.521820068359375,0.057991715160702305,950.3333333333333
Broken,pure_12.wav,0.26409912109375,0.50274658203125,0.057860593967740355,951.3333333333333
Broken,pure_13.wav,0.256103515625,0.49627685546875,0.05769608661178794,950.6666666666666
Broken,pure_14.wav,0.243927001953125,0.485382080078125,0.05766928463386335,951.3333333333333
Broken,pure_15.wav,0.256439208984375,0.50360107421875,0.05730593683565744,952.3333333333333
Broken,pure_16.wav,0.262054443359375,0.5006103515625,0.05763128002124462,951.3333333333333
Broken,pure_17.wav,0.2510986328125,0.483673095703125,0.057970098670843115,951.6666666666666
Broken,pure_18.wav,0.26251220703125,0.5030517578125,0.057980061242111726,951.6666666666666
Broken,pure_19.wav,0.259368896484375,0.5028076171875,0.05820029401050179,951.6666666666666
Broken,pure_20.wav,0.25848388671875,0.515869140625,0.05787454379386798,951.6666666666666
Broken,pure_21.wav,0.273834228515625,0.52069091796875,0.05799835141489042,950.0
Broken,pure_22.wav,0.256439208984375,0.488922119140625,0.05754752069025916,951.3333333333333
Broken,pure_23.wav,0.25335693359375,0.505615234375,0.05831195072265792,950.0
Broken,pure_24.wav,0.266448974609375,0.512359619140625,0.0576766312362125,949.6666666666666
Broken,pure_25.wav,0.240570068359375,0.476409912109375,0.057829188903015985,949.6666666666666
Broken,pure_26.wav,0.259246826171875,0.501190185546875,0.05806009585720681,949.6666666666666
Broken,pure_27.wav,0.23773193359375,0.4683837890625,0.05825627428051072,950.0
Broken,pure_28.wav,0.243499755859375,0.483978271484375,0.057809091405450506,950.0
Broken,pure_29.wav,0.268218994140625,0.492584228515625,0.058360581243030694,950.0
Broken,pure_30.wav,0.274200439453125,0.532501220703125,0.05781017056864273,950.0
Broken,pure_31.wav,0.264923095703125,0.500244140625,0.05792002512752752,950.6666666666666
Broken,pure_32.wav,0.246978759765625,0.48968505859375,0.05828449490133478,951.0
Broken,pure_33.wav,0.263946533203125,0.4854736328125,0.05756358612721108,951.0
Broken,pure_34.wav,0.254913330078125,0.497772216796875,0.057690471876066976,951.3333333333333
Broken,pure_35.wav,0.297637939453125,0.532989501953125,0.058065564504449795,951.3333333333333
Broken,pure_36.wav,0.263702392578125,0.522003173828125,0.05815306267959705,951.0
Broken,pure_37.wav,0.249908447265625,0.475341796875,0.058000103793004854,951.3333333333333
Broken,pure_38.wav,0.2696533203125,0.519561767578125,0.057773909469842386,951.6666666666666
Broken,pure_39.wav,0.259674072265625,0.49859619140625,0.05784962991926686,952.0
Broken,pure_40.wav,0.275115966796875,0.526702880859375,0.0578426556503747,951.6666666666666
Broken,pure_41.wav,0.26251220703125,0.498504638671875,0.05755812520608032,952.0
Broken,pure_42.wav,0.251495361328125,0.472381591796875,0.057344797518013864,952.0
Broken,pure_43.wav,0.28057861328125,0.519989013671875,0.05755576676813529,952.0
Broken,pure_44.wav,0.2562255859375,0.479888916015625,0.05744293087093203,952.0
Broken,pure_45.wav,0.256744384765625,0.503143310546875,0.057534263202101366,952.0
Broken,pure_46.wav,0.2479248046875,0.477996826171875,0.057707213524027065,951.6666666666666
Broken,pure_47.wav,0.253265380859375,0.501373291015625,0.05737433469825753,951.6666666666666
Broken,pure_48.wav,0.255096435546875,0.48736572265625,0.05757489498965763,952.0
Broken,pure_49.wav,0.27691650390625,0.513397216796875,0.05747583168135103,952.0
Broken,pure_50.wav,0.2435302734375,0.48291015625,0.05712045346859626,952.0
Broken,pure_51.wav,0.276153564453125,0.516510009765625,0.05708990989585112,952.0
Broken,pure_52.wav,0.257080078125,0.510162353515625,0.05702784280738744,952.0
Broken,pure_53.wav,0.25469970703125,0.48822021484375,0.05664787832163488,952.0
Broken,pure_54.wav,0.29034423828125,0.560333251953125,0.057117077512066926,952.0
Broken,pure_55.wav,0.25811767578125,0.48931884765625,0.05717295427234768,952.0
Broken,pure_56.wav,0.2484130859375,0.488677978515625,0.05696265936693298,952.0
Broken,pure_57.wav,0.26898193359375,0.529144287109375,0.057083160181039976,952.0
Broken,pure_58.wav,0.270294189453125,0.524749755859375,0.05685363779523817,952.3333333333333
Broken,pure_59.wav,0.255706787109375,0.490753173828125,0.056487622331147305,952.0
Broken,pure_60.wav,0.263153076171875,0.5079345703125,0.056651434793140956,952.0
Broken,pure_61.wav,0.253326416015625,0.494171142578125,0.05665243889702163,952.0
Broken,pure_62.wav,0.25567626953125,0.497589111328125,0.0564898574785094,952.3333333333333
Broken,pure_63.wav,0.252227783203125,0.4940185546875,0.05649195900185944,952.3333333333333
Broken,pure_64.wav,0.2486572265625,0.47406005859375,0.05641928104377778,952.0
Broken,pure_65.wav,0.26446533203125,0.521881103515625,0.056497610348265205,952.3333333333333
Broken,pure_66.wav,0.27874755859375,0.533416748046875,0.056667224659130544,952.3333333333333
Broken,pure_67.wav,0.24798583984375,0.47674560546875,0.056631698928658734,952.3333333333333
Broken,pure_68.wav,0.249725341796875,0.470489501953125,0.05632358372759125,952.3333333333333
Broken,pure_69.wav,0.24908447265625,0.49761962890625,0.0560508778072027,952.6666666666666
Broken,pure_70.wav,0.252044677734375,0.4853515625,0.05622514732684006,952.6666666666666
Broken,pure_71.wav,0.282684326171875,0.51312255859375,0.05624771407375065,952.3333333333333
Broken,pure_72.wav,0.246185302734375,0.468292236328125,0.055946157783506256,952.6666666666666
Broken,pure_73.wav,0.2490234375,0.48321533203125,0.05599858104684803,952.3333333333333
Broken,pure_74.wav,0.24835205078125,0.48260498046875,0.056182343644938584,952.6666666666666
Broken,pure_75.wav,0.24871826171875,0.47760009765625,0.0561414845374814,952.6666666666666
Broken,pure_76.wav,0.27642822265625,0.51300048828125,0.05594645876005633,952.6666666666666
Broken,pure_77.wav,0.25933837890625,0.486083984375,0.055780916984336806,952.6666666666666
Broken,pure_78.wav,0.3040771484375,0.575775146484375,0.0558690258711456,952.6666666666666
Broken,pure_79.wav,0.260498046875,0.505859375,0.05582562072550815,952.6666666666666
Broken,pure_80.wav,0.244049072265625,0.486175537109375,0.05575056914420202,953.0
Broken,pure_81.wav,0.25274658203125,0.476806640625,0.05573774612469247,952.6666666666666
Broken,pure_82.wav,0.24920654296875,0.498199462890625,0.05555985975494749,952.6666666666666
Broken,pure_83.wav,0.232421875,0.464080810546875,0.0559962751016824,953.0
Broken,pure_84.wav,0.243255615234375,0.482879638671875,0.0557023436403448,952.6666666666666
Broken,pure_85.wav,0.27960205078125,0.531982421875,0.05572935991077441,952.6666666666666
Broken,pure_86.wav,0.252532958984375,0.48822021484375,0.05590182663314878,953.0
Broken,pure_87.wav,0.241058349609375,0.4765625,0.05559951984203848,953.0
Broken,pure_88.wav,0.245697021484375,0.479888916015625,0.05579279467200645,953.0
Broken,pure_89.wav,0.27154541015625,0.50579833984375,0.05553101082240776,953.0
Broken,pure_90.wav,0.245697021484375,0.482086181640625,0.055399656495016214,953.0
Broken,pure_91.wav,0.25823974609375,0.4998779296875,0.0554516021365147,953.0
Broken,pure_92.wav,0.27008056640625,0.518798828125,0.05563950948057257,953.0
Broken,pure_93.wav,0.243194580078125,0.48028564453125,0.055577535359656746,953.0
Broken,pure_94.wav,0.243743896484375,0.482269287109375,0.0554625526418178,953.0
Broken,pure_95.wav,0.240020751953125,0.476318359375,0.05544530478357224,953.0
Broken,pure_96.wav,0.262298583984375,0.501922607421875,0.05551063749708069,953.0
Broken,pure_97.wav,0.24603271484375,0.48687744140625,0.055528940889419946,953.3333333333333
Broken,pure_98.wav,0.249359130859375,0.4901123046875,0.055192577320408394,953.3333333333333
Broken,pure_99.wav,0.229217529296875,0.458038330078125,0.05501841973063514,953.3333333333333
Broken,pure_100.wav,0.232696533203125,0.457122802734375,0.054826914644449797,953.3333333333333
Broken,pure_101.wav,0.239349365234375,0.473968505859375,0.05498601135661866,953.3333333333333
Broken,pure_102.wav,0.238677978515625,0.471588134765625,0.054973179381750024,953.3333333333333
Broken,pure_103.wav,0.256256103515625,0.5057373046875,0.05512247661761914,953.3333333333333
Broken,pure_104.wav,0.250701904296875,0.500946044921875,0.055248320958199613,953.3333333333333
Broken,pure_105.wav,0.26617431640625,0.519683837890625,0.055272704741214346,953.3333333333333
Broken,pure_106.wav,0.2301025390625,0.458984375,0.0554452930521713,953.3333333333333
Broken,pure_107.wav,0.248077392578125,0.47900390625,0.055181439822129315,953.6666666666666
Broken,pure_108.wav,0.243560791015625,0.460205078125,0.055031869220323514,953.6666666666666
Broken,pure_109.wav,0.2628173828125,0.523284912109375,0.05502997137026515,953.6666666666666
Broken,pure_110.wav,0.236236572265625,0.461578369140625,0.05480057382840883,953.6666666666666
Broken,pure_111.wav,0.259307861328125,0.49609375,0.05480754750707494,953.6666666666666
Broken,pure_112.wav,0.233123779296875,0.46295166015625,0.0548578766625041,953.6666666666666
Broken,pure_113.wav,0.2559814453125,0.503753662109375,0.05508394215872948,953.6666666666666
Broken,pure_114.wav,0.25714111328125,0.494232177734375,0.055059481095274344,953.6666666666666
Broken,pure_115.wav,0.2672119140625,0.510345458984375,0.0549326313760824,953.6666666666666
Broken,pure_116.wav,0.25152587890625,0.4984130859375,0.054997703831298636,953.6666666666666
Broken,pure_117.wav,0.268829345703125,0.50628662109375,0.05480932887700943,953.6666666666666
Broken,pure_118.wav,0.241607666015625,0.472991943359375,0.05476309797500629,954.0
Broken,pure_119.wav,0.241424560546875,0.48199462890625,0.05476430463491146,954.0
Broken,pure_120.wav,0.25152587890625,0.486968994140625,0.054760831429949294,954.0
Broken,pure_121.wav,0.249420166015625,0.474151611328125,0.054919647161705915,954.0
Broken,pure_122.wav,0.2520751953125,0.499664306640625,0.05511422658521463,954.0
Broken,pure_123.wav,0.268463134765625,0.529693603515625,0.05613188730054077,954.0
Heavy load,pure_0.wav,1.0,1.999969482421875,0.2537870759372222,588.0
Heavy load,pure_1.wav,0.586669921875,1.148712158203125,0.24661390377917503,588.0
Heavy load,pure_2.wav,0.557891845703125,1.10565185546875,0.24661673271592302,588.3333333333333
Heavy load,pure_3.wav,0.549896240234375,1.092559814453125,0.24797930354811035,588.6666666666666
Heavy load,pure_4.wav,0.5579833984375,1.10601806640625,0.24762543382070304,24.666666666666664
Heavy load,pure_5.wav,0.551971435546875,1.10247802734375,0.24661138406606023,24.666666666666664
Heavy load,pure_6.wav,0.556396484375,1.089935302734375,0.24483013522918812,587.6666666666666
Heavy load,pure_7.wav,0.55340576171875,1.0987548828125,0.24692477768285967,24.666666666666664
Heavy load,pure_8.wav,0.54949951171875,1.09356689453125,0.24760391137680007,24.666666666666664
Heavy load,pure_9.wav,0.55841064453125,1.09942626953125,0.2487606948975514,24.666666666666664
Heavy load,pure_10.wav,0.55548095703125,1.100311279296875,0.24934781302760367,24.666666666666664
Heavy load,pure_11.wav,0.559295654296875,1.102081298828125,0.24974814268001508,588.6666666666666
Heavy load,pure_12.wav,0.555694580078125,1.10638427734375,0.24985233338158147,24.666666666666664
Heavy load,pure_13.wav,0.56414794921875,1.112823486328125,0.2514322082823046,24.666666666666664
Heavy load,pure_14.wav,0.5643310546875,1.114593505859375,0.253238058574142,24.666666666666664
Heavy load,pure_15.wav,0.5628662109375,1.115020751953125,0.25318829537767024,24.666666666666664
Heavy load,pure_16.wav,0.5570068359375,1.107818603515625,0.252707723703298,24.666666666666664
Heavy load,pure_17.wav,0.567779541015625,1.12237548828125,0.25244765596320634,24.666666666666664
Heavy load,pure_18.wav,0.569488525390625,1.118072509765625,0.25259066297193716,588.6666666666666
Heavy load,pure_19.wav,0.5640869140625,1.115966796875,0.2530740771430195,24.666666666666664
Heavy load,pure_20.wav,0.563751220703125,1.1158447265625,0.25359494025999507,589.0
Heavy load,pure_21.wav,0.57159423828125,1.129608154296875,0.25422349566732444,24.666666666666664
Heavy load,pure_22.wav,0.57183837890625,1.129364013671875,0.25425599927085557,589.0
Heavy load,pure_23.wav,0.574432373046875,1.12823486328125,0.25439635649834785,588.6666666666666
Heavy load,pure_24.wav,0.5665283203125,1.122711181640625,0.2538558730558846,24.666666666666664
Heavy load,pure_25.wav,0.56451416015625,1.1136474609375,0.2534212239990239,24.666666666666664
Heavy load,pure_26.wav,0.570068359375,1.125823974609375,0.2533270533306557,588.3333333333333
Heavy load,pure_27.wav,0.57513427734375,1.130828857421875,0.2533481892524569,24.666666666666664
Heavy load,pure_28.wav,0.56121826171875,1.12103271484375,0.2527413052020922,588.0
Heavy load,pure_29.wav,0.575927734375,1.128387451171875,0.25202146837529443,587.6666666666666
Heavy load,pure_30.wav,0.568817138671875,1.119232177734375,0.25214736466876114,587.6666666666666
Heavy load,pure_31.wav,0.5755615234375,1.126495361328125,0.25169338442178735,587.6666666666666
Heavy load,pure_32.wav,0.5689697265625,1.1282958984375,0.25183451915528715,587.6666666666666
Heavy load,pure_33.wav,0.56915283203125,1.120880126953125,0.25239952926710807,24.333333333333332
Heavy load,pure_34.wav,0.56866455078125,1.1195068359375,0.2522903024953857,587.6666666666666
Heavy load,pure_35.wav,0.56878662109375,1.12762451171875,0.2543342600047207,588.0
Heavy load,pure_36.wav,0.572418212890625,1.1304931640625,0.25527545090329745,24.666666666666664
Heavy load,pure_37.wav,0.582489013671875,1.14990234375,0.2559953720267848,588.3333333333333
Heavy load,pure_38.wav,0.579559326171875,1.138214111328125,0.2562520458112161,588.3333333333333
Heavy load,pure_39.wav,0.57867431640625,1.140045166015625,0.2576163868814542,588.3333333333333
Heavy load,pure_40.wav,0.582366943359375,1.147796630859375,0.2597712794026178,589.0
Heavy load,pure_41.wav,0.5799560546875,1.145355224609375,0.26008348962972244,24.666666666666664
Heavy load,pure_42.wav,0.5762939453125,1.150360107421875,0.260730511111402,24.666666666666664
Heavy load,pure_43.wav,0.57977294921875,1.147552490234375,0.26134826317614107,24.666666666666664
Heavy load,pure_44.wav,0.578125,1.1529541015625,0.26189452364792715,24.666666666666664
Heavy load,pure_45.wav,0.575408935546875,1.147857666015625,0.2625768202283472,24.666666666666664
Heavy load,pure_46.wav,0.5802001953125,1.159210205078125,0.2622962264463766,24.666666666666664
Heavy load,pure_47.wav,0.58172607421875,1.15777587890625,0.26243896067102584,24.666666666666664
Heavy load,pure_48.wav,0.583984375,1.158233642578125,0.2626020637694774,24.666666666666664
Heavy load,pure_49.wav,0.5772705078125,1.154022216796875,0.26296758345831006,24.666666666666664
Heavy load,pure_50.wav,0.573638916015625,1.147186279296875,0.26272571825501373,24.666666666666664
Heavy load,pure_51.wav,0.571990966796875,1.14306640625,0.26348582502531365,24.666666666666664
Heavy load,pure_52.wav,0.584625244140625,1.161712646484375,0.2631987118343726,24.666666666666664
Heavy load,pure_53.wav,0.575897216796875,1.150421142578125,0.2626599515354867,24.666666666666664
Heavy load,pure_54.wav,0.5806884765625,1.1588134765625,0.2618490742783485,24.666666666666664
Heavy load,pure_55.wav,0.58148193359375,1.15924072265625,0.2626047069745976,24.666666666666664
Heavy load,pure_56.wav,0.574859619140625,1.1466064453125,0.26282199861825395,24.666666666666664
Heavy load,pure_57.wav,0.579315185546875,1.156341552734375,0.26246529847464356,24.666666666666664
Heavy load,pure_58.wav,0.5771484375,1.149932861328125,0.2617610512333048,24.666666666666664
Heavy load,pure_59.wav,0.577239990234375,1.1534423828125,0.26190944125622495,24.666666666666664
Heavy load,pure_60.wav,0.57733154296875,1.148193359375,0.263834956689883,24.666666666666664
Heavy load,pure_61.wav,0.584991455078125,1.158172607421875,0.26344825501165525,24.666666666666664
Heavy load,pure_62.wav,0.570037841796875,1.13739013671875,0.2608899238286965,24.666666666666664
Heavy load,pure_63.wav,0.570770263671875,1.13153076171875,0.26031887180809976,24.666666666666664
Heavy load,pure_64.wav,0.572418212890625,1.138397216796875,0.26013911510012416,24.666666666666664
Heavy load,pure_65.wav,0.577667236328125,1.15362548828125,0.2613630490220526,24.666666666666664
Heavy load,pure_66.wav,0.5758056640625,1.150848388671875,0.26355040044529643,24.666666666666664
Heavy load,pure_67.wav,0.581298828125,1.155792236328125,0.26327325006560076,24.666666666666664
Heavy load,pure_68.wav,0.58721923828125,1.166778564453125,0.26329749798325097,24.666666666666664
Heavy load,pure_69.wav,0.579986572265625,1.1575927734375,0.2632863930651167,24.666666666666664
Heavy load,pure_70.wav,0.57965087890625,1.15545654296875,0.2629690827252632,24.666666666666664
Heavy load,pure_71.wav,0.57843017578125,1.151336669921875,0.26265579171780096,24.666666666666664
Heavy load,pure_72.wav,0.574127197265625,1.14715576171875,0.26268777105092866,24.666666666666664
Heavy load,pure_73.wav,0.579071044921875,1.157012939453125,0.26332775717543777,24.666666666666664
Heavy load,pure_74.wav,0.58251953125,1.156585693359375,0.26305046727399234,24.666666666666664
Heavy load,pure_75.wav,0.586639404296875,1.156494140625,0.2617339445390325,24.666666666666664
Heavy load,pure_76.wav,0.571044921875,1.130584716796875,0.26035740805406676,24.666666666666664
Heavy load,pure_77.wav,0.57275390625,1.142303466796875,0.26090428370560476,24.666666666666664
Heavy load,pure_78.wav,0.575897216796875,1.149139404296875,0.26228703682788723,24.666666666666664
Heavy load,pure_79.wav,0.576568603515625,1.15185546875,0.2629549223074738,24.666666666666664
Heavy load,pure_80.wav,0.58209228515625,1.1610107421875,0.26423785837586045,24.666666666666664
Heavy load,pure_81.wav,0.584075927734375,1.16168212890625,0.26460259507624073,24.666666666666664
Heavy load,pure_82.wav,0.582672119140625,1.165008544921875,0.26468927275268594,24.666666666666664
Heavy load,pure_83.wav,0.577789306640625,1.1544189453125,0.26475856077824206,24.666666666666664
Heavy load,pure_84.wav,0.58251953125,1.162109375,0.2646490949917684,24.666666666666664
Heavy load,pure_85.wav,0.582061767578125,1.163604736328125,0.26473445827214664,24.666666666666664
Heavy load,pure_86.wav,0.58184814453125,1.158843994140625,0.26488746414931913,24.666666666666664
Heavy load,pure_87.wav,0.58001708984375,1.15704345703125,0.2650323959192704,24.666666666666664
Heavy load,pure_88.wav,0.58447265625,1.168365478515625,0.2653052889159508,24.666666666666664
Heavy load,pure_89.wav,0.58734130859375,1.16619873046875,0.265218298226775,24.666666666666664
Heavy load,pure_90.wav,0.5911865234375,1.16339111328125,0.2645303948748808,24.666666666666664
Heavy load,pure_91.wav,0.582000732421875,1.1551513671875,0.26422988719678675,24.666666666666664
Heavy load,pure_92.wav,0.581634521484375,1.161102294921875,0.26363029702461405,24.666666666666664
Heavy load,pure_93.wav,0.58514404296875,1.162017822265625,0.264003611706376,24.666666666666664
Heavy load,pure_94.wav,0.58135986328125,1.15753173828125,0.26426422908620056,24.666666666666664
Heavy load,pure_95.wav,0.591156005859375,1.164215087890625,0.26368459784588827,24.666666666666664
Heavy load,pure_96.wav,0.583709716796875,1.158782958984375,0.2632929746961157,24.666666666666664
Heavy load,pure_97.wav,0.581390380859375,1.1494140625,0.2626628021296451,24.666666666666664
Heavy load,pure_98.wav,0.59368896484375,1.168670654296875,0.26368629528158194,24.666666666666664
Heavy load,pure_99.wav,0.590972900390625,1.1676025390625,0.26398540942351006,24.666666666666664
Heavy load,pure_100.wav,0.58453369140625,1.16107177734375,0.26413726969544105,24.666666666666664
Heavy load,pure_101.wav,0.593658447265625,1.17181396484375,0.264019830538377,24.666666666666664
Heavy load,pure_102.wav,0.58837890625,1.163330078125,0.26428968851634344,24.666666666666664
Heavy load,pure_103.wav,0.591766357421875,1.17352294921875,0.2645838834475179,24.666666666666664
Heavy load,pure_104.wav,0.5921630859375,1.172149658203125,0.26531793432422557,24.666666666666664
Heavy load,pure_105.wav,0.599029541015625,1.17803955078125,0.2659944582502983,24.666666666666664
Heavy load,pure_106.wav,0.60455322265625,1.183563232421875,0.2661553965222259,24.666666666666664
Heavy load,pure_107.wav,0.588897705078125,1.1724853515625,0.266540893984573,24.666666666666664
Heavy load,pure_108.wav,0.58837890625,1.167633056640625,0.2658788832253222,24.666666666666664
Heavy load,pure_109.wav,0.5872802734375,1.167266845703125,0.2656670760043616,24.666666666666664
Heavy load,pure_110.wav,0.591278076171875,1.16326904296875,0.2649071667830624,24.666666666666664
Heavy load,pure_111.wav,0.595458984375,1.175323486328125,0.2643956511188661,24.666666666666664
Heavy load,pure_112.wav,0.59039306640625,1.162078857421875,0.263712186271483,24.666666666666664
Heavy load,pure_113.wav,0.58697509765625,1.1611328125,0.26352630209362093,24.666666666666664
Heavy load,pure_114.wav,0.58380126953125,1.159576416015625,0.26368424463084306,24.666666666666664
Heavy load,pure_115.wav,0.587310791015625,1.165069580078125,0.2635800318106031,24.666666666666664
Heavy load,pure_116.wav,0.593414306640625,1.17236328125,0.26311201785522653,24.666666666666664
Heavy load,pure_117.wav,0.592376708984375,1.165985107421875,0.26232060948833313,24.666666666666664
Heavy load,pure_118.wav,0.60150146484375,1.177490234375,0.266629181019724,24.666666666666664
Heavy load,pure_119.wav,0.5928955078125,1.17193603515625,0.26742913498331705,24.666666666666664
Heavy load,pure_120.wav,0.5906982421875,1.16839599609375,0.26404262866614375,24.666666666666664
Heavy load,pure_121.wav,0.589141845703125,1.16375732421875,0.2639209657731706,24.666666666666664
Heavy load,pure_122.wav,0.599334716796875,1.1778564453125,0.2651142697994815,24.666666666666664
Heavy load,pure_123.wav,0.590179443359375,1.169647216796875,0.26497727370667634,24.666666666666664
Heavy load,pure_124.wav,0.59051513671875,1.178680419921875,0.2654101588966422,24.666666666666664
Heavy load,pure_125.wav,0.5960693359375,1.177642822265625,0.2656736233687815,24.666666666666664
Heavy load,pure_126.wav,0.673309326171875,1.294464111328125,0.2678645301943814,24.666666666666664
Heavy load,pure_127.wav,0.59979248046875,1.182159423828125,0.2681147131449646,24.666666666666664
